{"result":{"status":"success"},"favicon":{"package_url":"https://realfavicongenerator.net/files/7491081d5414ca26e3b86a6592d50c5c7404688e/favicon_package_v0.16.zip","files_urls":["https://realfavicongenerator.net/files/7491081d5414ca26e3b86a6592d50c5c7404688e/package_files/android-chrome-192x192.png","https://realfavicongenerator.net/files/7491081d5414ca26e3b86a6592d50c5c7404688e/package_files/apple-touch-icon.png","https://realfavicongenerator.net/files/7491081d5414ca26e3b86a6592d50c5c7404688e/package_files/browserconfig.xml","https://realfavicongenerator.net/files/7491081d5414ca26e3b86a6592d50c5c7404688e/package_files/favicon-16x16.png","https://realfavicongenerator.net/files/7491081d5414ca26e3b86a6592d50c5c7404688e/package_files/favicon-32x32.png","https://realfavicongenerator.net/files/7491081d5414ca26e3b86a6592d50c5c7404688e/package_files/favicon.ico","https://realfavicongenerator.net/files/7491081d5414ca26e3b86a6592d50c5c7404688e/package_files/mstile-150x150.png","https://realfavicongenerator.net/files/7491081d5414ca26e3b86a6592d50c5c7404688e/package_files/safari-pinned-tab.svg","https://realfavicongenerator.net/files/7491081d5414ca26e3b86a6592d50c5c7404688e/package_files/site.webmanifest"],"html_code":"<link rel=\"apple-touch-icon\" sizes=\"180x180\" href=\"/apple-touch-icon.png\">\n<link rel=\"icon\" type=\"image/png\" sizes=\"32x32\" href=\"/favicon-32x32.png\">\n<link rel=\"icon\" type=\"image/png\" sizes=\"16x16\" href=\"/favicon-16x16.png\">\n<link rel=\"manifest\" href=\"/site.webmanifest\">\n<link rel=\"mask-icon\" href=\"/safari-pinned-tab.svg\" color=\"#c2ad8d\">\n<meta name=\"msapplication-TileColor\" content=\"#c2ad8d\">\n<meta name=\"theme-color\" content=\"#c2ad8d\">","compression":"false","overlapping_markups":["link[rel=\"apple-touch-icon\"]","link[rel=\"shortcut\"]","link[rel=\"shortcut icon\"]","link[rel=\"icon\",sizes=\"16x16\"]","link[rel=\"icon\",sizes=\"32x32\"]","meta[name=\"msapplication-TileColor\"]","link[rel=\"manifest\"]","meta[name=\"theme-color\"]","link[rel=\"mask-icon\"]"]},"files_location":{"type":"root"},"preview_picture_url":"https://realfavicongenerator.net/files/7491081d5414ca26e3b86a6592d50c5c7404688e/favicon_preview.png","version":"0.16"}